173.252.101.117	47
76.79.188.10	55
108.250.9.191	71
70.193.134.250	58
68.48.221.222	44
173.252.114.114	47
72.95.198.227	51
72.229.26.21	48
173.252.106.116	47
70.182.245.110	48
66.220.152.113	47
173.59.186.17	55
75.161.17.209	48
173.252.110.114	47
170.140.105.16	59
209.87.115.194	41
108.250.185.112	53
71.232.84.147	37
173.252.106.117	47
162.200.108.165	51
173.252.88.89	47
71.183.79.19	47
68.81.130.116	49
97.92.20.220	36
24.167.14.39	75
66.220.156.112	47
173.252.110.113	47
208.54.70.159	59
68.68.205.151	71
97.68.237.19	69
166.137.136.27	64
75.132.165.245	54
50.175.129.194	71
108.45.147.61	54
97.93.212.42	66
174.27.217.31	40
96.225.89.194	48
192.12.88.216	46
184.4.53.209	57
173.252.112.113	47
158.65.250.213	37
98.208.113.184	53
173.252.100.116	47
173.252.102.113	47
66.71.14.248	46
173.252.120.115	47
68.114.140.196	59
72.196.240.135	55
24.35.205.240	61
68.180.94.219	46
68.11.231.116	64
108.203.100.178	61
73.45.70.67	40
173.252.88.90	47
207.255.80.147	47
96.231.141.123	55
66.220.158.116	47
184.88.42.34	67
75.1.66.51	69
74.77.130.224	39
71.86.167.71	38
173.252.114.118	47
67.86.92.45	48
71.234.43.21	39
174.45.80.104	24
137.236.241.122	55
134.88.151.250	43
216.249.125.175	60
173.252.88.91	47
24.104.253.85	47
64.113.255.18	47
184.45.58.41	47
76.180.201.247	38
71.58.50.123	51
173.252.112.115	47
173.252.81.115	47
184.98.185.130	58
74.71.8.127	48
73.12.91.98	57
24.136.31.152	42
68.55.28.227	38
166.137.118.18	64
68.81.130.116	49
166.137.136.27	64
173.252.88.90	47
137.236.241.122	55
173.252.88.91	47
70.193.134.250	58
108.250.185.112	53
108.45.147.61	54
98.208.113.184	53
173.252.120.115	47
184.88.42.34	67
67.86.92.45	48
173.59.186.17	55
71.183.79.19	47
66.220.156.112	47
97.68.237.19	69
192.12.88.216	46
73.12.91.98	57
76.79.188.10	55
75.161.17.209	48
173.252.102.113	47
134.88.151.250	43
74.71.8.127	48
66.220.152.113	47
170.140.105.16	59
162.200.108.165	51
173.252.100.116	47
184.45.58.41	47
108.250.9.191	71
173.252.106.116	47
173.252.112.113	47
24.136.31.152	42
173.252.114.114	47
173.252.110.113	47
208.54.70.159	59
74.77.130.224	39
158.65.250.213	37
71.234.43.21	39
216.249.125.175	60
64.113.255.18	47
184.98.185.130	58
173.252.81.115	47
173.252.106.117	47
66.71.14.248	46
68.114.140.196	59
72.196.240.135	55
108.203.100.178	61
72.95.198.227	51
70.182.245.110	48
68.68.205.151	71
68.180.94.219	46
166.137.118.18	64
174.27.217.31	40
75.1.66.51	69
76.180.201.247	38
173.252.101.117	47
173.252.110.114	47
97.92.20.220	36
24.167.14.39	75
24.35.205.240	61
184.4.53.209	57
68.11.231.116	64
73.45.70.67	40
68.48.221.222	44
173.252.88.89	47
75.132.165.245	54
50.175.129.194	71
96.225.89.194	48
66.220.158.116	47
174.45.80.104	24
71.58.50.123	51
68.55.28.227	38
72.229.26.21	48
209.87.115.194	41
173.252.114.118	47
173.252.112.115	47
24.104.253.85	47
71.232.84.147	37
97.93.212.42	66
207.255.80.147	47
96.231.141.123	55
71.86.167.71	38
68.114.140.196	59
73.45.70.67	40
207.255.80.147	47
184.88.42.34	67
76.79.188.10	55
68.68.205.151	71
96.225.89.194	48
192.12.88.216	46
64.113.255.18	47
71.58.50.123	51
66.220.158.116	47
184.98.185.130	58
173.59.186.17	55
173.252.110.113	47
97.93.212.42	66
96.231.141.123	55
72.95.198.227	51
97.92.20.220	36
68.180.94.219	46
173.252.88.91	47
97.68.237.19	69
50.175.129.194	71
76.180.201.247	38
173.252.114.114	47
173.252.106.116	47
173.252.110.114	47
108.250.185.112	53
173.252.101.117	47
166.137.136.27	64
98.208.113.184	53
166.137.118.18	64
71.86.167.71	38
24.136.31.152	42
68.81.130.116	49
173.252.120.115	47
72.196.240.135	55
24.35.205.240	61
66.220.152.113	47
75.132.165.245	54
170.140.105.16	59
174.45.80.104	24
137.236.241.122	55
24.104.253.85	47
158.65.250.213	37
173.252.112.115	47
71.234.43.21	39
134.88.151.250	43
173.252.81.115	47
74.71.8.127	48
108.250.9.191	71
70.193.134.250	58
209.87.115.194	41
173.252.112.113	47
67.86.92.45	48
73.12.91.98	57
68.48.221.222	44
71.232.84.147	37
68.11.231.116	64
74.77.130.224	39
72.229.26.21	48
173.252.106.117	47
208.54.70.159	59
75.1.66.51	69
75.161.17.209	48
108.45.147.61	54
66.71.14.248	46
66.220.156.112	47
174.27.217.31	40
173.252.88.90	47
216.249.125.175	60
71.183.79.19	47
68.55.28.227	38
184.4.53.209	57
173.252.100.116	47
173.252.102.113	47
108.203.100.178	61
70.182.245.110	48
162.200.108.165	51
173.252.88.89	47
24.167.14.39	75
173.252.114.118	47
184.45.58.41	47
96.225.89.194	48
173.252.100.116	47
96.231.141.123	55
173.252.81.115	47
76.79.188.10	55
108.250.9.191	71
75.132.165.245	54
50.175.129.194	71
66.220.158.116	47
74.77.130.224	39
67.86.92.45	48
173.252.88.91	47
72.229.26.21	48
173.59.186.17	55
173.252.88.89	47
73.45.70.67	40
97.92.20.220	36
66.220.156.112	47
68.68.205.151	71
108.203.100.178	61
71.58.50.123	51
68.55.28.227	38
173.252.110.114	47
173.252.106.117	47
68.81.130.116	49
68.180.94.219	46
75.1.66.51	69
216.249.125.175	60
173.252.101.117	47
170.140.105.16	59
174.27.217.31	40
192.12.88.216	46
71.234.43.21	39
134.88.151.250	43
173.252.110.113	47
173.252.120.115	47
72.196.240.135	55
173.252.114.118	47
75.161.17.209	48
97.68.237.19	69
68.114.140.196	59
184.88.42.34	67
66.220.152.113	47
71.183.79.19	47
74.71.8.127	48
158.65.250.213	37
207.255.80.147	47
173.252.106.116	47
24.167.14.39	75
208.54.70.159	59
97.93.212.42	66
71.232.84.147	37
73.12.91.98	57
24.104.253.85	47
72.95.198.227	51
184.4.53.209	57
66.71.14.248	46
174.45.80.104	24
173.252.112.115	47
24.136.31.152	42
70.182.245.110	48
98.208.113.184	53
173.252.88.90	47
184.45.58.41	47
70.193.134.250	58
68.11.231.116	64
71.86.167.71	38
173.252.102.113	47
24.35.205.240	61
184.98.185.130	58
173.252.114.114	47
209.87.115.194	41
162.200.108.165	51
173.252.112.113	47
166.137.136.27	64
64.113.255.18	47
76.180.201.247	38
166.137.118.18	64
68.48.221.222	44
108.250.185.112	53
108.45.147.61	54
137.236.241.122	55
158.65.250.213	37
134.88.151.250	43
24.104.253.85	47
208.54.70.159	59
70.193.134.250	58
66.220.152.113	47
137.236.241.122	55
174.27.217.31	40
174.45.80.104	24
71.58.50.123	51
71.232.84.147	37
24.167.14.39	75
97.68.237.19	69
108.45.147.61	54
97.93.212.42	66
173.252.81.115	47
166.137.118.18	64
76.180.201.247	38
173.59.186.17	55
66.220.156.112	47
173.252.110.113	47
72.196.240.135	55
173.252.88.90	47
184.4.53.209	57
71.234.43.21	39
73.12.91.98	57
72.229.26.21	48
170.140.105.16	59
98.208.113.184	53
64.113.255.18	47
68.180.94.219	46
207.255.80.147	47
184.98.185.130	58
173.252.106.116	47
173.252.88.89	47
50.175.129.194	71
173.252.112.113	47
66.71.14.248	46
162.200.108.165	51
24.35.205.240	61
68.11.231.116	64
108.203.100.178	61
173.252.112.115	47
108.250.9.191	71
166.137.136.27	64
173.252.100.116	47
184.88.42.34	67
184.45.58.41	47
173.252.114.118	47
24.136.31.152	42
173.252.101.117	47
71.183.79.19	47
68.81.130.116	49
97.92.20.220	36
96.225.89.194	48
74.77.130.224	39
68.55.28.227	38
173.252.114.114	47
173.252.110.114	47
209.87.115.194	41
75.132.165.245	54
73.45.70.67	40
74.71.8.127	48
68.48.221.222	44
72.95.198.227	51
75.161.17.209	48
96.231.141.123	55
67.86.92.45	48
173.252.88.91	47
173.252.106.117	47
68.68.205.151	71
173.252.102.113	47
173.252.120.115	47
216.249.125.175	60
108.250.185.112	53
71.86.167.71	38
75.1.66.51	69
76.79.188.10	55
70.182.245.110	48
192.12.88.216	46
68.114.140.196	59
66.220.158.116	47
108.250.185.112	53
173.252.101.117	47
173.252.106.116	47
71.232.84.147	37
173.252.110.113	47
173.252.102.113	47
66.220.158.116	47
24.136.31.152	42
72.95.198.227	51
173.252.106.117	47
173.252.112.113	47
72.196.240.135	55
74.77.130.224	39
137.236.241.122	55
68.55.28.227	38
70.182.245.110	48
75.161.17.209	48
71.183.79.19	47
158.65.250.213	37
98.208.113.184	53
66.71.14.248	46
96.225.89.194	48
96.231.141.123	55
75.1.66.51	69
216.249.125.175	60
76.180.201.247	38
66.220.152.113	47
209.87.115.194	41
162.200.108.165	51
97.93.212.42	66
166.137.118.18	64
173.252.114.114	47
70.193.134.250	58
66.220.156.112	47
67.86.92.45	48
71.234.43.21	39
173.252.81.115	47
24.35.205.240	61
184.88.42.34	67
71.58.50.123	51
173.252.112.115	47
184.98.185.130	58
76.79.188.10	55
68.48.221.222	44
173.59.186.17	55
173.252.110.114	47
68.81.130.116	49
68.68.205.151	71
173.252.100.116	47
71.86.167.71	38
174.45.80.104	24
24.104.253.85	47
108.250.9.191	71
208.54.70.159	59
97.68.237.19	69
73.45.70.67	40
173.252.88.90	47
207.255.80.147	47
173.252.114.118	47
134.88.151.250	43
75.132.165.245	54
50.175.129.194	71
68.11.231.116	64
108.203.100.178	61
64.113.255.18	47
170.140.105.16	59
173.252.88.89	47
97.92.20.220	36
24.167.14.39	75
166.137.136.27	64
184.4.53.209	57
173.252.120.115	47
68.114.140.196	59
184.45.58.41	47
72.229.26.21	48
174.27.217.31	40
192.12.88.216	46
68.180.94.219	46
173.252.88.91	47
108.45.147.61	54
74.71.8.127	48
73.12.91.98	57
68.55.28.227	38
70.182.245.110	48
66.220.152.113	47
173.59.186.17	55
68.114.140.196	59
173.252.81.115	47
173.252.106.116	47
96.225.89.194	48
68.11.231.116	64
184.88.42.34	67
97.68.237.19	69
24.136.31.152	42
68.68.205.151	71
72.196.240.135	55
74.77.130.224	39
70.193.134.250	58
75.161.17.209	48
71.232.84.147	37
75.132.165.245	54
173.252.112.113	47
137.236.241.122	55
66.71.14.248	46
64.113.255.18	47
184.45.58.41	47
74.71.8.127	48
173.252.101.117	47
68.48.221.222	44
162.200.108.165	51
173.252.88.89	47
98.208.113.184	53
170.140.105.16	59
108.250.185.112	53
71.183.79.19	47
108.45.147.61	54
68.180.94.219	46
71.58.50.123	51
173.252.112.115	47
166.137.118.18	64
76.79.188.10	55
68.81.130.116	49
50.175.129.194	71
173.252.102.113	47
108.250.9.191	71
108.203.100.178	61
173.252.114.118	47
67.86.92.45	48
173.252.100.116	47
66.220.158.116	47
75.1.66.51	69
174.45.80.104	24
173.252.106.117	47
173.252.110.113	47
166.137.136.27	64
97.93.212.42	66
173.252.88.91	47
76.180.201.247	38
73.12.91.98	57
134.88.151.250	43
173.252.110.114	47
97.92.20.220	36
173.252.120.115	47
207.255.80.147	47
24.104.253.85	47
184.98.185.130	58
72.229.26.21	48
209.87.115.194	41
73.45.70.67	40
96.231.141.123	55
71.234.43.21	39
66.220.156.112	47
208.54.70.159	59
192.12.88.216	46
71.86.167.71	38
72.95.198.227	51
158.65.250.213	37
24.35.205.240	61
173.252.88.90	47
216.249.125.175	60
173.252.114.114	47
24.167.14.39	75
174.27.217.31	40
184.4.53.209	57
71.232.84.147	37
24.167.14.39	75
74.71.8.127	48
71.58.50.123	51
71.183.79.19	47
68.114.140.196	59
173.252.114.118	47
174.45.80.104	24
173.252.88.91	47
173.252.110.114	47
66.220.156.112	47
66.71.14.248	46
71.234.43.21	39
24.35.205.240	61
68.180.94.219	46
71.86.167.71	38
173.252.88.90	47
207.255.80.147	47
66.220.158.116	47
75.1.66.51	69
137.236.241.122	55
208.54.70.159	59
173.252.112.113	47
158.65.250.213	37
173.252.81.115	47
72.95.198.227	51
173.252.88.89	47
97.92.20.220	36
96.231.141.123	55
108.250.9.191	71
209.87.115.194	41
173.252.106.117	47
170.140.105.16	59
74.77.130.224	39
184.45.58.41	47
173.252.114.114	47
72.229.26.21	48
66.220.152.113	47
108.45.147.61	54
96.225.89.194	48
98.208.113.184	53
173.252.101.117	47
108.250.185.112	53
68.68.205.151	71
166.137.136.27	64
50.175.129.194	71
64.113.255.18	47
68.11.231.116	64
184.88.42.34	67
68.55.28.227	38
68.48.221.222	44
68.81.130.116	49
173.252.102.113	47
76.180.201.247	38
173.59.186.17	55
75.161.17.209	48
162.200.108.165	51
24.104.253.85	47
97.68.237.19	69
173.252.100.116	47
73.45.70.67	40
174.27.217.31	40
173.252.120.115	47
67.86.92.45	48
134.88.151.250	43
76.79.188.10	55
70.193.134.250	58
75.132.165.245	54
184.4.53.209	57
72.196.240.135	55
108.203.100.178	61
173.252.112.115	47
184.98.185.130	58
70.182.245.110	48
173.252.110.113	47
97.93.212.42	66
73.12.91.98	57
24.136.31.152	42
166.137.118.18	64
173.252.106.116	47
192.12.88.216	46
216.249.125.175	60
75.1.66.51	69
173.252.106.116	47
66.71.14.248	46
66.220.158.116	47
68.48.221.222	44
68.81.130.116	49
166.137.118.18	64
74.77.130.224	39
71.58.50.123	51
166.137.136.27	64
73.45.70.67	40
207.255.80.147	47
174.27.217.31	40
96.225.89.194	48
184.4.53.209	57
68.114.140.196	59
68.11.231.116	64
72.95.198.227	51
170.140.105.16	59
208.54.70.159	59
68.55.28.227	38
70.193.134.250	58
71.183.79.19	47
173.252.114.118	47
108.45.147.61	54
192.12.88.216	46
173.252.112.113	47
173.252.102.113	47
184.88.42.34	67
76.79.188.10	55
70.182.245.110	48
173.252.106.117	47
134.88.151.250	43
74.71.8.127	48
97.68.237.19	69
216.249.125.175	60
173.252.88.91	47
108.250.9.191	71
66.220.152.113	47
68.68.205.151	71
24.104.253.85	47
24.136.31.152	42
173.59.186.17	55
75.161.17.209	48
66.220.156.112	47
173.252.88.89	47
72.196.240.135	55
71.86.167.71	38
72.229.26.21	48
97.93.212.42	66
71.234.43.21	39
76.180.201.247	38
73.12.91.98	57
173.252.114.114	47
71.232.84.147	37
162.200.108.165	51
173.252.100.116	47
108.203.100.178	61
137.236.241.122	55
184.45.58.41	47
184.98.185.130	58
24.167.14.39	75
173.252.110.113	47
158.65.250.213	37
174.45.80.104	24
64.113.255.18	47
173.252.81.115	47
50.175.129.194	71
68.180.94.219	46
67.86.92.45	48
24.35.205.240	61
173.252.88.90	47
173.252.101.117	47
97.92.20.220	36
75.132.165.245	54
96.231.141.123	55
173.252.110.114	47
209.87.115.194	41
108.250.185.112	53
98.208.113.184	53
173.252.120.115	47
173.252.112.115	47
24.167.14.39	75
208.54.70.159	59
173.252.81.115	47
173.59.186.17	55
96.231.141.123	55
71.86.167.71	38
216.249.125.175	60
24.104.253.85	47
97.92.20.220	36
173.252.114.118	47
67.86.92.45	48
76.180.201.247	38
173.252.112.113	47
76.79.188.10	55
173.252.114.114	47
108.250.185.112	53
173.252.88.89	47
174.27.217.31	40
184.4.53.209	57
68.48.221.222	44
96.225.89.194	48
173.252.102.113	47
71.234.43.21	39
24.136.31.152	42
68.55.28.227	38
66.220.152.113	47
75.161.17.209	48
97.68.237.19	69
108.45.147.61	54
68.11.231.116	64
184.98.185.130	58
173.252.106.116	47
170.140.105.16	59
209.87.115.194	41
71.232.84.147	37
108.203.100.178	61
174.45.80.104	24
68.180.94.219	46
207.255.80.147	47
74.77.130.224	39
74.71.8.127	48
70.193.134.250	58
72.95.198.227	51
68.68.205.151	71
97.93.212.42	66
173.252.120.115	47
72.196.240.135	55
173.252.100.116	47
73.12.91.98	57
173.252.101.117	47
108.250.9.191	71
162.200.108.165	51
71.183.79.19	47
137.236.241.122	55
173.252.88.91	47
134.88.151.250	43
166.137.118.18	64
72.229.26.21	48
173.252.106.117	47
173.252.110.113	47
166.137.136.27	64
192.12.88.216	46
98.208.113.184	53
173.252.110.114	47
66.220.156.112	47
24.35.205.240	61
70.182.245.110	48
75.132.165.245	54
50.175.129.194	71
158.65.250.213	37
66.71.14.248	46
75.1.66.51	69
73.45.70.67	40
173.252.88.90	47
184.88.42.34	67
64.113.255.18	47
184.45.58.41	47
71.58.50.123	51
68.81.130.116	49
68.114.140.196	59
66.220.158.116	47
173.252.112.115	47
97.92.20.220	36
24.167.14.39	75
108.45.147.61	54
184.4.53.209	57
173.252.101.117	47
209.87.115.194	41
97.68.237.19	69
66.220.158.116	47
174.45.80.104	24
137.236.241.122	55
24.104.253.85	47
68.48.221.222	44
70.182.245.110	48
75.161.17.209	48
173.252.88.89	47
50.175.129.194	71
173.252.81.115	47
73.12.91.98	57
68.180.94.219	46
96.231.141.123	55
67.86.92.45	48
173.59.186.17	55
68.81.130.116	49
208.54.70.159	59
173.252.120.115	47
108.250.185.112	53
173.252.106.117	47
64.113.255.18	47
74.71.8.127	48
71.232.84.147	37
166.137.136.27	64
192.12.88.216	46
66.71.14.248	46
72.196.240.135	55
108.250.9.191	71
68.68.205.151	71
158.65.250.213	37
173.252.102.113	47
71.86.167.71	38
96.225.89.194	48
70.193.134.250	58
72.95.198.227	51
170.140.105.16	59
66.220.156.112	47
97.93.212.42	66
66.220.152.113	47
108.203.100.178	61
173.252.88.91	47
76.180.201.247	38
184.98.185.130	58
173.252.112.113	47
71.234.43.21	39
166.137.118.18	64
173.252.110.114	47
75.132.165.245	54
173.252.112.115	47
68.55.28.227	38
134.88.151.250	43
76.79.188.10	55
162.200.108.165	51
71.183.79.19	47
68.114.140.196	59
75.1.66.51	69
71.58.50.123	51
173.252.114.114	47
72.229.26.21	48
174.27.217.31	40
74.77.130.224	39
173.252.114.118	47
173.252.106.116	47
73.45.70.67	40
173.252.88.90	47
207.255.80.147	47
184.88.42.34	67
173.252.110.113	47
98.208.113.184	53
173.252.100.116	47
24.35.205.240	61
68.11.231.116	64
216.249.125.175	60
184.45.58.41	47
24.136.31.152	42
68.11.231.116	64
173.252.114.118	47
70.193.134.250	58
72.95.198.227	51
108.45.147.61	54
158.65.250.213	37
73.12.91.98	57
74.71.8.127	48
68.55.28.227	38
108.250.185.112	53
208.54.70.159	59
50.175.129.194	71
173.252.120.115	47
74.77.130.224	39
134.88.151.250	43
24.167.14.39	75
173.252.110.113	47
68.68.205.151	71
67.86.92.45	48
174.45.80.104	24
24.104.253.85	47
173.252.112.115	47
24.136.31.152	42
68.81.130.116	49
75.132.165.245	54
96.225.89.194	48
166.137.118.18	64
71.234.43.21	39
184.45.58.41	47
173.252.81.115	47
68.48.221.222	44
66.220.152.113	47
166.137.136.27	64
173.252.101.117	47
173.252.112.113	47
75.1.66.51	69
173.252.114.114	47
66.220.156.112	47
71.58.50.123	51
192.12.88.216	46
184.88.42.34	67
108.250.9.191	71
70.182.245.110	48
173.252.110.114	47
73.45.70.67	40
64.113.255.18	47
173.59.186.17	55
173.252.88.89	47
184.4.53.209	57
137.236.241.122	55
173.252.102.113	47
173.252.88.90	47
207.255.80.147	47
173.252.100.116	47
173.252.88.91	47
72.229.26.21	48
75.161.17.209	48
71.183.79.19	47
162.200.108.165	51
97.68.237.19	69
97.93.212.42	66
66.71.14.248	46
68.180.94.219	46
76.79.188.10	55
170.140.105.16	59
71.232.84.147	37
96.231.141.123	55
184.98.185.130	58
66.220.158.116	47
76.180.201.247	38
97.92.20.220	36
174.27.217.31	40
68.114.140.196	59
24.35.205.240	61
108.203.100.178	61
216.249.125.175	60
209.87.115.194	41
173.252.106.117	47
72.196.240.135	55
173.252.106.116	47
98.208.113.184	53
71.86.167.71	38
72.95.198.227	51
173.252.110.114	47
50.175.129.194	71
207.255.80.147	47
67.86.92.45	48
134.88.151.250	43
68.81.130.116	49
97.68.237.19	69
184.4.53.209	57
68.114.140.196	59
70.193.134.250	58
68.68.205.151	71
166.137.136.27	64
73.45.70.67	40
74.71.8.127	48
173.252.88.90	47
66.220.158.116	47
71.234.43.21	39
173.252.88.91	47
173.252.81.115	47
166.137.118.18	64
108.250.9.191	71
184.88.42.34	67
174.45.80.104	24
64.113.255.18	47
68.48.221.222	44
97.93.212.42	66
74.77.130.224	39
192.12.88.216	46
68.180.94.219	46
68.11.231.116	64
216.249.125.175	60
173.252.106.116	47
71.232.84.147	37
174.27.217.31	40
96.225.89.194	48
173.252.101.117	47
173.252.106.117	47
173.252.102.113	47
72.196.240.135	55
66.71.14.248	46
173.252.120.115	47
173.252.114.118	47
73.12.91.98	57
173.252.114.114	47
173.59.186.17	55
75.161.17.209	48
173.252.110.113	47
24.136.31.152	42
68.55.28.227	38
66.220.152.113	47
66.220.156.112	47
173.252.112.113	47
137.236.241.122	55
98.208.113.184	53
108.203.100.178	61
71.58.50.123	51
108.250.185.112	53
97.92.20.220	36
24.167.14.39	75
158.65.250.213	37
108.45.147.61	54
24.35.205.240	61
71.86.167.71	38
96.231.141.123	55
173.252.112.115	47
70.182.245.110	48
173.252.88.89	47
71.183.79.19	47
208.54.70.159	59
24.104.253.85	47
184.45.58.41	47
76.79.188.10	55
162.200.108.165	51
75.132.165.245	54
75.1.66.51	69
72.229.26.21	48
170.140.105.16	59
209.87.115.194	41
173.252.100.116	47
76.180.201.247	38
184.98.185.130	58
74.77.130.224	39
162.200.108.165	51
158.65.250.213	37
68.114.140.196	59
72.229.26.21	48
97.68.237.19	69
173.252.88.91	47
97.92.20.220	36
73.45.70.67	40
166.137.136.27	64
75.132.165.245	54
24.104.253.85	47
184.98.185.130	58
66.220.152.113	47
108.250.185.112	53
108.45.147.61	54
66.71.14.248	46
72.196.240.135	55
173.252.114.118	47
71.234.43.21	39
70.193.134.250	58
66.220.156.112	47
68.180.94.219	46
71.86.167.71	38
76.180.201.247	38
74.71.8.127	48
174.27.217.31	40
173.252.120.115	47
173.252.88.89	47
68.81.130.116	49
97.93.212.42	66
192.12.88.216	46
96.231.141.123	55
184.88.42.34	67
184.45.58.41	47
68.48.221.222	44
173.59.186.17	55
166.137.118.18	64
173.252.88.90	47
66.220.158.116	47
75.1.66.51	69
173.252.81.115	47
173.252.110.113	47
96.225.89.194	48
73.12.91.98	57
71.232.84.147	37
71.58.50.123	51
137.236.241.122	55
68.55.28.227	38
75.161.17.209	48
108.203.100.178	61
70.182.245.110	48
173.252.110.114	47
71.183.79.19	47
108.250.9.191	71
173.252.106.116	47
173.252.106.117	47
68.68.205.151	71
184.4.53.209	57
216.249.125.175	60
64.113.255.18	47
173.252.101.117	47
173.252.114.114	47
173.252.112.113	47
207.255.80.147	47
134.88.151.250	43
209.87.115.194	41
208.54.70.159	59
98.208.113.184	53
68.11.231.116	64
67.86.92.45	48
173.252.112.115	47
24.167.14.39	75
50.175.129.194	71
170.140.105.16	59
173.252.100.116	47
173.252.102.113	47
24.35.205.240	61
174.45.80.104	24
24.136.31.152	42
76.79.188.10	55
72.95.198.227	51
24.136.31.152	42
166.137.118.18	64
173.252.101.117	47
68.48.221.222	44
173.252.88.89	47
74.71.8.127	48
97.92.20.220	36
173.252.110.113	47
50.175.129.194	71
173.252.112.113	47
173.252.88.91	47
64.113.255.18	47
173.252.106.116	47
173.252.106.117	47
97.93.212.42	66
184.4.53.209	57
72.196.240.135	55
71.86.167.71	38
71.183.79.19	47
75.132.165.245	54
174.27.217.31	40
96.225.89.194	48
24.35.205.240	61
174.45.80.104	24
72.229.26.21	48
66.220.156.112	47
68.68.205.151	71
71.58.50.123	51
173.59.186.17	55
208.54.70.159	59
68.114.140.196	59
184.88.42.34	67
70.193.134.250	58
108.250.185.112	53
66.220.158.116	47
184.98.185.130	58
67.86.92.45	48
173.252.112.115	47
66.220.152.113	47
158.65.250.213	37
68.180.94.219	46
134.88.151.250	43
72.95.198.227	51
209.87.115.194	41
68.81.130.116	49
166.137.136.27	64
173.252.114.118	47
24.104.253.85	47
73.12.91.98	57
75.1.66.51	69
173.252.114.114	47
173.252.110.114	47
162.200.108.165	51
98.208.113.184	53
68.11.231.116	64
73.45.70.67	40
173.252.88.90	47
76.180.201.247	38
68.55.28.227	38
71.232.84.147	37
24.167.14.39	75
66.71.14.248	46
108.203.100.178	61
96.231.141.123	55
137.236.241.122	55
216.249.125.175	60
76.79.188.10	55
97.68.237.19	69
192.12.88.216	46
173.252.120.115	47
207.255.80.147	47
170.140.105.16	59
173.252.102.113	47
74.77.130.224	39
173.252.81.115	47
108.250.9.191	71
70.182.245.110	48
75.161.17.209	48
108.45.147.61	54
173.252.100.116	47
71.234.43.21	39
184.45.58.41	47
173.252.112.113	47
74.77.130.224	39
173.252.81.115	47
173.252.101.117	47
162.200.108.165	51
68.81.130.116	49
72.196.240.135	55
173.252.100.116	47
173.252.102.113	47
67.86.92.45	48
108.250.9.191	71
66.220.152.113	47
75.161.17.209	48
208.54.70.159	59
174.45.80.104	24
134.88.151.250	43
173.252.114.118	47
184.45.58.41	47
184.98.185.130	58
63.78.242.14	62
74.71.8.127	48
166.137.118.18	64
72.229.26.21	48
97.92.20.220	36
96.231.141.123	55
71.234.43.21	39
216.249.125.175	60
64.113.255.18	47
76.79.188.10	55
66.220.156.112	47
192.12.88.216	46
71.58.50.123	51
75.1.66.51	69
170.140.105.16	59
173.252.88.89	47
71.183.79.19	47
173.252.110.113	47
174.27.217.31	40
66.220.158.116	47
184.88.42.34	67
70.193.134.250	58
68.48.221.222	44
75.132.165.245	54
184.4.53.209	57
66.71.14.248	46
207.255.80.147	47
68.55.28.227	38
173.252.106.117	47
50.175.129.194	71
108.203.100.178	61
173.252.88.90	47
173.252.112.115	47
73.12.91.98	57
166.137.136.27	64
68.180.94.219	46
173.252.88.91	47
97.68.237.19	69
158.65.250.213	37
68.11.231.116	64
71.86.167.71	38
173.252.120.115	47
137.236.241.122	55
72.95.198.227	51
71.232.84.147	37
24.167.14.39	75
68.68.205.151	71
97.93.212.42	66
98.208.113.184	53
70.182.245.110	48
173.252.110.114	47
68.114.140.196	59
108.250.185.112	53
108.45.147.61	54
24.35.205.240	61
24.104.253.85	47
24.136.31.152	42
76.180.201.247	38
98.110.64.221	58
173.252.114.114	47
173.252.106.116	47
173.59.186.17	55
209.87.115.194	41
96.225.89.194	48
73.45.70.67	40
